index,prediction
127197,1.2 inch
127198,0
127199,0
127200,61 cm
127201,61 cm
127202,0
127203,0
127204,0
127205,0
127206,0
127207,0
127208,0
127209,0
127210,0
127211,0
127212,0
127213,0
127214,0
127215,22 cm
127216,22 cm
127217,0
127218,1000 watt
127219,0
127220,0
127221,0
127222,0
127223,0
127224,0
127225,0
127226,0
127227,0
127228,0
127229,0
127230,6.9 inch
127231,0
127232,0
127233,5 cm
127234,0
127235,0
127236,0
127237,0
127238,0
127239,0
127240,0
127241,0
127242,0
127243,0
127244,0
127245,0
127246,0
127247,0
127248,0
127249,0
127250,0
127251,0
127252,0
127253,0
127254,0
127255,0
127256,0
127257,0
127258,120 watt
127259,0
127260,0
127261,0
127262,0
127263,0
127264,0
127265,0
127266,0
127267,0
127268,0
127269,0
127270,0
127271,0
127272,0
127273,0
127274,0
127275,0
127276,0
127277,0
127278,2.41 mm
127279,2.41 mm
127280,0
127281,0
127282,0
127283,30 inch
127284,0
127285,100 inch
127286,0
127287,0
127288,0
127289,0
127290,0
127291,9 inch
127292,0
127293,0
127294,0
127295,0
127296,0
127297,0
127298,0
127299,40 mm
127300,40 mm
127301,0
127302,0
127303,0
127304,0
127305,0
127306,0
127307,0
127308,19 cm
127309,0
127310,0
127311,0
127312,0
127313,0
127314,0
127315,14 mm
127316,0
127317,0
127318,65.5 mm
127319,0
127320,0
127321,0
127322,0
127323,0
127324,0
127325,0
127326,0
127327,0
127328,0
127329,0
127330,0
127331,0
127332,0
127333,0
127334,0
127335,0
127336,0
127337,0
127338,0
127339,0
127340,0
127341,0
127342,1000 watt
127343,0
127344,0
127345,0
127346,0
127347,0
127348,0
127349,0
127350,0
127351,0
127352,0
127353,0
127354,0
127355,0
127356,0
127357,0
127358,0
127359,0
127360,0
127361,0
127362,0
127363,0
127364,0
127365,120 mm
127366,0
127367,0
127368,800 watt
127369,0
127370,0
127371,0
127372,0
127373,0
127374,0
127375,0
127376,0
127377,0
127378,0
127379,20 mm
127380,27 mm
127381,0
127382,32 inch
127383,0
127384,0
127385,0
127386,0
127387,0
127388,0
127389,16 inch
127390,23.8 cm
127391,0
127392,0
127393,0
127394,0
127395,0
127396,0
127397,0
127398,0
127399,0
127400,0
127401,0
127402,0
127403,0
127404,0
127405,0
127406,0
127407,0
127408,0
127409,0
127410,164.4 mm
127411,0
127412,0
127413,0
127414,0
127415,0
127416,0
127417,0
127418,5000 mm
127419,0
127420,0
127421,0
127422,0
127423,0
127424,0
127425,0
127426,17.5 inch
127427,0
127428,0
127429,0
127430,0
127431,0
127432,0
127433,0
127434,0
127435,0
127436,22.5 cm
127437,4.5 mm
127438,0
127439,0
127440,0
127441,0
127442,0
127443,0
127444,0
127445,0
127446,6.5 inch
127447,0
127448,0
127449,0
127450,0
127451,0
127452,0
127453,0
127454,6 mm
127455,0
127456,0
127457,0
127458,0
127459,0
127460,0
127461,0
127462,30 cm
127463,0
127464,0
127465,0
127466,0
127467,0
127468,0
127469,0
127470,0
127471,0
127472,0
127473,0
127474,0
127475,0
127476,0
127477,0
127478,0
127479,6.3 inch
127480,0
127481,0
127482,0
127483,0
127484,0
127485,0
127486,0
127487,0
127488,0
127489,0
127490,0
127491,0
127492,0
127493,0
127494,0
127495,0
127496,0
127497,0
127498,0
127499,42 mm
127500,0
127501,0
127502,0
127503,0
127504,0
127505,0
127506,0
127507,0
127508,0
127509,0
127510,0
127511,23 mm
127512,23 mm
127513,0
127514,0
127515,0
127516,0
127517,0
127518,0
127519,0
127520,48 mm
127521,42 cm
127522,30 cm
127523,0
127524,0
127525,0
127526,0
127527,0
127528,0
127529,0
127530,0
127531,0
127532,0
127533,0
127534,0
127535,0
127536,0
127537,0
127538,0
127539,0
127540,0
127541,0
127542,0
127543,0
127544,0
127545,0
127546,0
127547,0
127548,0
127549,0
127550,0
127551,0
127552,0
127553,0
127554,0
127555,0
127556,0
127557,0
127558,0
127559,0
127560,0
127561,0
127562,0
127563,0
127564,0
127565,0
127566,0
127567,14 mm
127568,0
127569,0
127570,0
127571,0
127572,0
127573,0
127574,0
127575,55.5 mm
127576,0
127577,28 mm
127578,0
127579,0
127580,0
127581,30 mm
127582,0
127583,2 ounce
127584,2 ounce
127585,0
127586,0
127587,0
127588,0
127589,0
127590,0
127591,0
127592,0
127593,0
127594,0
127595,0
127596,0
127597,0
127598,0
127599,013 mm
127600,0
127601,0
127602,0
127603,0
127604,0
127605,0
127606,0
127607,0
127608,0
127609,4 ounce
127610,0
127611,11 mm
127612,11 mm
127613,0
127614,0
127616,0
127617,0
127618,1500 watt
127619,1500 watt
127620,145 mm
127621,0
127622,0
127623,0
127624,0
127625,0
127626,0
127627,0
127628,0
127629,0
127630,0
127631,0
127632,0
127633,0
127634,0
127635,0
127636,0
127637,0
127638,5.5 mm
127639,5.5 mm
127640,0
127641,0
127642,0
127643,0
127644,0
127645,0
127646,0
127647,0
127648,0
127649,0
127650,0
127651,0
127652,0
127653,0
127654,0
127655,0
127656,0
127657,0
127658,4.3 inch
127659,0
127660,0
127661,0
127662,0
127663,0
127664,0
127665,0
127666,0
127667,0
127668,0
127669,0
127670,0
127671,0
127672,0
127673,0
127674,0
127675,0
127676,0
127677,0
127678,0
127679,0
127680,0
127681,0
127682,1359 gram
127683,0
127684,0
127685,0
127686,0
127687,0
127688,0
127689,0
127690,2.8 inch
127691,20 mm
127692,0
127693,0
127694,0
127695,0
127696,43 inch
127697,43 inch
127698,0
127699,0
127700,0
127701,0
127702,0
127703,21 cm
127704,0
127705,0
127706,0
127707,0
127708,0
127709,0
127710,0
127711,0
127712,0
127713,0
127714,0
127715,0
127716,0
127717,61.9 mm
127718,0
127719,0
127720,0
127721,0
127722,0
127723,0
127724,0
127725,0
127726,0
127727,0
127728,0
127729,0
127730,0
127731,0
127732,0
127733,0
127734,0
127735,63 cm
127736,0
127737,0
127738,0
127739,0
127740,0
127741,0
127742,0
127743,0
127744,0
127745,0
127746,0
127747,0
127748,0
127749,0
127750,0
127751,0
127752,0
127753,0
127754,0
127755,0
127756,0
127757,0
127758,0
127759,0
127760,0
127761,0
127762,0
127763,0
127764,0
127765,0
127766,0
127767,0
127768,0
127769,0
127770,0
127771,0
127772,0
127773,0
127774,0
127775,0
127776,180 watt
127777,0
127778,0
127779,0
127780,0
127781,0
127782,0
127783,0
127784,0
127785,0
127786,0
127787,0
127788,8 inch
127789,0
127790,0
127791,0
127792,0
127793,0
127794,0
127795,0
127796,55 mm
127797,0
127798,0
127799,0
127800,0
127801,0
127802,0
127803,0
127804,2.5 inch
127805,0
127806,0
127807,0
127808,2 cm
127809,50 mm
127810,0
127811,0
127812,0
127813,0
127814,0
127815,0
127816,0
127817,0
127818,0
127819,0
127820,0
127821,0
127822,0
127823,0
127824,0
127825,0
127826,0
127827,0
127828,0
127829,300 mm
127830,0
127831,0
127832,0
127833,0
127834,0
127835,0
127836,0
127837,0
127838,0
127839,114.3 mm
127840,0
127841,0
127842,16 cm
127843,0
127844,0
127845,0
127846,1.08 inch
127847,0
127848,0
127849,0
127850,0
127851,30 mm
127852,0
127853,0
127854,0
127855,0
127856,0
127857,0
127858,0
127859,0
127860,0
127861,0
127862,0
127863,0
127864,0
127865,0
127866,0
127867,0
127868,0
127869,0
127870,0
127871,0
127872,0
127873,0
127874,0
127875,0
127876,0
127877,0
127878,0
127879,0
127880,0
127881,0
127882,0
127883,0
127884,20 inch
127885,0
127886,0
127887,0
127888,0
127889,0
127890,0
127891,0
127892,0
127893,0
127894,0
127895,0
127896,0
127897,0
127898,0
127899,0
127900,0
127901,0
127902,0
127903,0
127904,0
127905,0
127906,85 mm
127907,85 mm
127908,0
127909,0
127910,0
127911,0
127912,0
127913,0
127914,0
127915,0
127916,0
127917,0
127918,42 mm
127919,0
127920,120 volt
127921,0
127922,0
127923,0
127924,0
127925,0
127926,0
127927,0
127928,0
127929,0
127930,0
127931,0
127932,0
127933,0
127934,0
127935,0
127936,0
127937,0
127938,0
127939,0
127940,0
127941,0
127942,0
127943,0
127944,0
127945,0
127946,0
127947,0
127948,0
127949,0
127950,0
127951,0
127952,0
127953,0
127954,0
127955,0
127956,0
127957,7 inch
127958,7 inch
127959,0
127960,0
127961,0
127962,0
127963,0
127964,0
127965,0
127966,0
127967,0
127968,2.41 mm
127969,2.41 mm
127970,0
127971,0
127972,0
127973,0
127974,0
127975,0
127976,0
127977,0
127978,0
127979,0
127980,0
127981,0
127982,0
127983,0
127984,0
127985,0
127986,0
127987,0
127988,0
127989,0
127990,0
127991,16 inch
127992,0.16 ounce
127993,0
127994,0
127995,0
127996,0
127997,0
127998,0
127999,0
128000,0
128001,0
128002,0
128003,0
128004,0
128005,0
128006,0
128007,0
128008,0
128009,0
128010,0
128011,0
128012,0
128013,0
128014,0
128015,0
128016,0
128017,0
128018,0
128019,0
128020,0
128021,0
128022,0
128023,0
128024,0
128025,0
128026,0
128027,0
128028,0
128029,0
128030,0
128031,0
128032,0
128033,0
128034,0
128035,0
128036,0
128037,0
128038,0
128039,0
128040,0
128041,0
128042,0
128043,12 mm
128044,0
128045,0
128046,200 watt
128047,0
128048,0
128049,0
128050,0
128051,0
128052,0
128053,0
128054,0
128055,0
128056,0
128057,0
128058,0
128059,0
128060,0
128061,0
128062,0
128063,0
128064,0
128065,0
128066,10 inch
128067,30.5 cm
128068,0
128069,0
128070,0
128071,12 cm
128072,0
128073,0
128074,0
128075,0
128076,0
128077,0
128078,0
128079,0
128080,0
128081,0
128082,0
128083,3.39 inch
128084,3.39 inch
128085,0
128086,0
128087,0
128088,0
128089,0
128090,10 inch
128091,10 inch
128092,0
128093,0
128094,0
128095,0
128096,0
128097,0
128098,0
128099,0
128100,0
128101,0
128102,5.5 mm
128103,0
128104,0
128105,1.69 inch
128106,0
128107,0
128108,0
128109,0
128110,0
128111,0
128112,0
128113,0
128114,0
128115,0
128116,0
128117,0
128118,0
128119,0
128120,0
128121,0
128122,0
128123,0
128124,0
128125,0
128126,0
128127,0
128128,0
128129,0
128130,0
128131,0
128132,0
128133,4. cm
128134,0
128135,0
128136,11 inch
128137,0
128138,0
128139,0
128140,0
128141,0
128142,0
128143,0
128144,0
128145,0
128146,0
128147,0
128148,0
128149,0
128150,0
128151,0
128152,39 inch
128153,39 inch
128154,6.35 cm
128155,4 ounce
128156,0
128157,0
128158,0
128159,0
128160,0
128161,0
128162,0
128163,0
128164,400 watt
128165,10 cm
128166,0
128167,0
128168,0
128169,0
128170,0
128171,0
128172,0
128173,0
128174,0
128175,0
128176,0
128177,0
128178,0
128179,0
128180,0
128181,35 inch
128182,0
128183,28 cm
128184,0
128185,0
128186,0
128187,0
128188,0
128189,0
128190,0
128191,0
128192,0
128193,0
128194,28 mm
128195,0
128196,0
128197,0
128198,0
128199,0
128200,0
128201,0
128202,0
128203,0
128204,0
128205,0
128206,0
128207,0
128208,0
128209,0
128210,0
128211,0
128212,0
128213,0
128214,0
128215,0
128216,0
128217,0
128218,0
128219,0
128220,0
128221,0
128222,0
128223,0
128224,0.005 mm
128225,0
128226,6.26 inch
128227,0
128228,0
128229,0
128230,0
128231,0
128232,0
128233,0
128234,0
128235,0
128236,0
128237,16.55 cm
128238,0
128239,0
128240,0
128241,20.4 inch
128242,0
128243,0
128244,0
128245,0
128246,5.12 inch
128247,5.12 inch
128248,0
128249,0
128250,0
128251,0
128252,0
128253,0
128254,0
128255,0
128256,0
128257,0
128258,0
128259,0
128260,0
128261,0
128262,0
128263,0
128264,0
128265,0
128266,29 cm
128267,0
128268,0
128269,0
128270,0
128271,0
128272,0
128273,250 mm
128274,0
128275,0
128276,0
128277,0
128278,0
128279,0
128280,0
128281,64 mm
128282,64 mm
128283,0
128284,0
128285,0
128286,0
128287,0
128288,0
128289,27.9 cm
128290,0
128291,0
128292,0
128293,0
128294,0
128295,0
128296,0
128297,0
128298,0
128299,0
128300,0
128301,0
128302,0
128303,0
128304,0
128305,0
128306,0
128307,0
128308,0
128309,0
128310,0
128311,0
128312,5 cm
128313,0
128314,0
128315,0
128316,0
128317,0
128318,0
128319,42 cm
128320,0
128321,0
128322,0
128323,0
128324,0
128325,0
128326,0
128327,195 mm
128328,195 mm
128329,0
128330,0
128331,0
128332,0
128333,0
128334,0
128335,0
128336,0
128337,0
128338,0
128339,0
128340,0
128341,0
128342,0
128343,0
128344,0
128345,0
128346,0
128347,0
128348,0
128349,0
128350,0
128351,0
128352,0
128353,0
128354,0
128355,0
128356,0
128357,0
128358,0
128359,0
128360,0
128361,0
128362,0
128363,0
128364,0
128365,0
128366,0
128367,5 mm
128368,5 mm
128369,0
128370,0
128371,0
128372,0
128373,0
128374,0
128375,0
128376,0
128377,0
128378,0
128379,0
128380,0
128381,0
128382,0
128383,0
128384,0
128385,0
128386,0
128387,0
128388,0
128389,0
128390,0
128391,0
128392,22.5 cm
128393,0
128394,0
128395,0
128396,28 mm
128397,28 mm
128398,0
128399,0
128400,0
128401,5.7 inch
128402,0
128403,0
128404,0
128405,0
128406,0
128407,0
128408,0
128409,0
128410,0
128411,0
128412,0
128413,0
128414,0
128415,0
128416,0
128417,0
128418,0
128419,0
128420,0
128421,0
128422,0
128423,0
128424,0
128425,0
128426,0
128427,0
128428,0
128429,0
128430,0
128431,0
128432,0
128433,0
128434,0
128435,0
128436,0
128437,0
128438,0
128439,0
128440,0
128441,0
128442,40 inch
128443,0
128444,0
128445,0
128446,0
128447,0
128448,0
128449,0
128450,0
128451,0
128452,0
128453,0
128454,0
128455,0
128456,0
128457,5 ounce
128458,0
128459,0
128460,0
128462,0
128463,0
128464,0
128465,0
128466,0
128467,0
128468,0
128469,0
128470,0
128471,0
128472,0
128473,0
128474,0
128475,0
128476,0
128477,0
128478,0
128479,0
128480,0
128481,0
128482,0
128483,0
128484,0
128485,0
128486,0
128487,0
128488,0
128489,0
128490,0
128491,0
128492,114.3 mm
128493,0
128494,0
128495,0
128496,0
128497,0
128498,0
128499,0
128500,0
128501,0
128502,0
128503,0
128504,0
128505,0
128506,0
128507,0
128508,0
128509,0
128510,0
128511,0
128512,0
128513,16 mm
128514,0
128515,0
128516,0
128517,0
128518,0
128519,60 watt
128520,53 cm
128521,53 cm
128522,0
128523,0
128524,0
128525,0
128526,0
128527,0
128528,0
128529,0
128530,0
128531,0
128532,0
128533,0
128534,0
128535,0
128536,0
128537,0
128538,0
128539,0
128540,0
128541,0
128542,0
128543,0
128544,16 cm
128545,0
128546,0
128547,0
128548,140 mm
128549,0
128550,101 mm
128551,0
128552,0
128553,0
128554,0
128555,0
128556,0
128557,0
128558,0
128559,0
128560,0
128561,42 mm
128562,0
128563,0
128564,0
128565,0
128566,0
128567,0
128568,0
128569,0
128570,0
128571,0
128572,0
128573,0
128574,7.5 cm
128575,0
128576,0
128577,0
128578,0
128579,0
128580,0
128581,0
128582,0
128583,0
128584,0
128585,0
128586,0
128587,0
128588,0
128589,0
128590,0
128591,0
128592,0
128593,0
128594,32 inch
128595,0
128596,0
128597,0
128598,50 mm
128599,0
128600,0
128601,300 cm
128602,300 cm
128603,0
128604,0
128605,0
128606,0
128607,0
128608,0
128609,0
128610,0
128611,0
128612,0
128613,0
128614,0
128615,0
128616,0
128617,0
128618,0
128619,0
128620,0
128621,43.5 inch
128622,0
128623,0
128624,0
128625,0
128626,50 mm
128627,0
128628,0
128629,0
128630,0
128631,0
128632,0
128633,0
128634,0
128635,5.72 inch
128636,0
128637,0
128638,0
128639,0
128640,0
128641,0
128642,300 mm
128643,0
128644,0
128645,0
128646,40 watt
128647,0
128648,0
128649,0
128650,0
128651,0
128652,0
128653,0
128654,0
128655,0
128656,0
128657,0
128658,0
128659,0
128660,0
128661,0
128662,0
128663,0
128664,33 mm
128665,0
128666,0
128667,0
128668,0
128669,0
128670,0
128671,0
128672,0
128673,0
128674,0
128675,0
128676,0
128677,0
128678,0
128679,0
128680,0
128681,0
128682,0
128683,0
128684,0
128685,0
128686,0
128687,0
128688,0
128689,30 cm
128690,0
128691,0
128692,0
128693,0
128694,0
128695,0
128696,0
128697,0
128698,0
128699,0
128700,0
128701,0
128702,0
128703,0
128704,0
128705,0
128706,0
128707,22 mm
128708,0.4 cm
128709,0.4 cm
128710,0
128711,0
128712,60 mm
128713,60 mm
128714,0
128715,0
128716,0
128717,0
128718,0
128719,0
128720,0
128721,0
128722,0
128723,0
128724,0
128725,0
128726,0
128727,0
128728,0
128729,0
128730,0
128731,0
128732,12 volt
128733,12 volt
128734,0
128735,0
128736,0
128737,0
128738,0
128739,0
128740,0
128741,0
128742,0
128743,0
128744,15.2 cm
128745,0
128746,0
128747,5.03 inch
128748,0
128749,0
128750,0
128751,0
128752,0
128753,0
128754,0
128755,0
128756,0
128757,0
128758,0
128759,0
128760,0
128761,0
128762,0
128763,0
128764,0
128765,0
128766,0
128767,0
128768,0
128769,0
128770,0
128771,0
128772,0
128773,100 cm
128774,7 cm
128775,7 cm
128776,0
128777,0
128778,0
128779,0
128780,0
128781,0
128782,0
128783,0
128784,0
128785,0
128786,0
128787,0
128788,0
128789,124.5 inch
128790,0
128791,0
128792,0
128793,0
128794,0
128795,0
128796,0
128797,0
128798,0
128799,0
128800,16 inch
128801,0
128802,0
128803,0
128804,0
128805,0
128806,0
128807,0
128808,0
128809,0
128810,0
128811,0
128812,0
128813,0
128814,0
128815,0
128816,0
128817,0
128818,42 mm
128819,0
128820,0
128821,0
128822,32 mm
128823,32 mm
128824,0
128825,0
128826,0
128827,0
128828,0
128829,0
128830,0
128831,0
128832,0
128833,0
128834,0
128835,0
128836,0
128837,0
128838,9 cm
128839,9 cm
128840,0
128841,0
128842,0
128843,0
128844,0
128845,0
128846,0
128847,0
128848,0
128849,0
128850,0
128851,0
128852,0
128853,48 inch
128854,48 inch
128855,0
128856,0
128857,0
128858,0
128859,7 mm
128860,0
128861,0
128862,0
128863,0
128864,0
128865,0
128866,9.6 inch
128867,9.6 inch
128868,0
128869,0
128870,20 mm
128871,0
128872,0
128873,0
128874,0
128875,0
128876,0
128877,0
128878,0
128879,60 mm
128880,0
128881,0
128882,0
128883,0
128884,0
128885,0
128886,0
128887,0
128888,0
128889,0
128890,0
128891,0
128892,0
128893,9 cm
128894,9 cm
128895,0
128896,0
128897,0
128898,0
128899,900 mm
128900,0
128901,0
128902,0
128903,0
128904,25.4 mm
128905,0
128906,90.5 inch
128907,90.5 inch
128908,0
128909,0
128910,0
128911,0
128912,28 mm
128913,0
128914,0
128915,0
128916,0
128917,0
128918,0
128919,0
128920,0
128921,0
128922,0
128923,3 inch
128924,40 cm
128925,0
128926,0
128927,0
128928,0
128929,0
128930,0
128931,0
128932,0
128933,0
128934,0
128935,0
128936,28 mm
128937,28 mm
128938,0
128939,20 mm
128940,0
128941,0
128942,0
128943,0
128944,0
128945,0
128946,0
128947,0
128948,0
128949,0
128950,0
128951,0
128952,0
128953,0
128954,21.6 cm
128955,0
128956,0
128957,0
128958,0
128959,0
128960,0
128961,0
128962,0
128963,0
128964,0
128965,0
128966,0
128967,0
128968,0
128969,0
128970,0
128971,0
128972,0
128973,0
128974,0
128975,0
128976,0
128977,0
128978,150 inch
128979,0
128980,0
128981,0
128982,0
128983,0
128984,0
128985,0
128986,0
128987,0
128988,0
128989,0
128990,0
128991,0
128992,0
128993,0
128994,0
128995,0
128996,0
128997,0
128998,0
128999,0
129000,0
129001,0
129002,75 inch
129003,0
129004,0
129005,0
129006,0
129007,0
129008,0
129009,0
129010,0
129011,0
129012,0
129013,0
129014,0
129015,0
129016,0
129017,0
129018,0
129019,0
129020,0
129021,0
129022,0
129023,8 cm
129024,8 cm
129025,0
129026,3 mm
129027,0
129028,0
129029,0
129030,0
129031,0
129032,0
129033,0
129034,0
129035,0
129036,0
129037,0
129038,0
129039,0
129040,50 mm
129041,0
129042,0
129043,31.5 inch
129044,0
129045,0
129046,0
129047,0
129048,0
129049,0
129050,0
129051,0
129052,0
129053,0
129054,0
129055,0
129056,0
129057,3 inch
129058,0
129059,0
129060,0
129061,0
129062,0
129063,0
129064,0
129065,0
129066,0
129067,28 mm
129068,0
129069,0
129070,0
129071,0
129072,0
129073,0
129074,0
129075,0
129076,0
129077,21 cm
129078,0
129079,0
129080,0
129081,0
129082,0
129083,0
129084,0
129085,0
129086,0
129087,0
129088,0
129089,0
129090,0
129091,0
129092,0
129093,0
129094,0
129095,0
129096,0
129097,0
129098,120 mm
129099,120 mm
129100,0
129101,0
129102,0
129103,0
129104,0
129105,0
129106,0
129107,0
129108,0
129109,0
129110,2185 mm
129111,0
129112,0
129113,0
129114,0
129115,0
129116,0
129117,0
129118,0
129119,0
129120,0
129121,0
129122,0
129123,0
129124,0
129125,120 cm
129126,0
129127,0
129128,0
129129,0
129130,0
129131,0
129132,0
129133,0
129134,0
129135,0
129136,0
129137,32 ounce
129138,0
129139,42 mm
129140,0
129141,0
129142,0
129143,0
129144,0
129145,0
129146,0
129147,2.8 inch
129148,0
129149,0
129150,0
129151,6.4 inch
129152,0
129153,0.6 mm
129154,0.6 mm
129155,106 mm
129156,0
129157,0
129158,0
129159,0
129160,0
129161,0
129162,0
129163,0
129164,0
129165,0
129166,0
129167,0
129168,0
129169,0
129170,0
129171,0
129172,0
129173,0
129174,0
129175,3.5 mm
129176,0
129177,0
129178,0
129179,0
129180,0
129181,0
129182,0
129183,0
129184,0
129185,0
129186,0
129187,0
129188,0
129189,0
129190,0
129191,0
129192,297 gram
129193,0
129194,0
129195,0
129196,0
129197,0
129198,0
129199,0
129200,0
129201,0
129202,0
129203,0
129204,0
129205,0
129206,0
129207,0
129208,0
129209,0
129210,0
129211,0
129212,0
129213,0
129214,15 inch
129215,0
129216,0
129217,0
129218,0
129219,0
129220,0
129221,0
129222,0
129223,0
129224,0
129225,0
129226,300 watt
129227,300 watt
129228,0
129229,0
129230,0
129231,0
129232,0
129233,0
129234,11 mm
129235,0
129236,8.1 mm
129237,0
129238,0
129239,0
129240,15 cm
129241,15 cm
129242,0
129243,0
129244,0
129245,0
129246,0
129247,0
129248,0
129249,0
129250,2.2 cm
129251,2.2 cm
129252,0
129253,0
129254,0
129255,0
129256,0
129257,0
129258,0
129259,0
129260,0
129261,0
129262,0
129263,0
129264,0
129265,0
129266,0
129267,0
129268,0
129269,0
129270,0
129271,0
129272,0
129273,0
129274,0
129275,0
129276,0
129277,0
129278,0
129279,0
129280,0
129281,0
129282,0
129283,0
129284,0
129285,0
129286,0
129287,0
129288,0
129289,0
129290,0
129291,0
129292,0
129293,92 cm
129294,0
129295,0
129296,0
129297,0
129298,0
129299,0
129300,0
129301,9 inch
129302,0
129303,240 volt
129304,0
129305,5.8 inch
129306,0
129307,0
129308,0
129309,0
129310,0
129311,0
129312,0
129313,200 watt
129314,0
129315,0
129316,0
129317,0
129318,0
129319,0
129320,83 mm
129321,0
129322,0
129323,0
129324,0
129325,0
129326,0
129327,0
129328,0
129329,0
129330,0
129331,0
129332,100 watt
129333,0
129334,0
129335,0
129336,0
129337,0
129338,0
129339,0
129340,2 cm
129341,0
129342,0
129343,0
129344,2.0 mm
129345,6.5 inch
129346,10.0 inch
129347,18 gram
129348,0
129349,0
129350,0
129351,0
129352,0
129353,0
129354,0
129355,0
129356,0
129357,60 mm
129358,60 mm
129359,0
129360,0
129361,0
129362,0
129363,0
129364,0
129365,0
129366,10 cm
129367,0
129368,32 inch
129369,0
129370,70 mm
129371,0
129372,120 volt
129373,0
129374,0
129375,0
129376,0
129377,0
129378,0
129379,0
129380,0
129381,0
129382,0
129383,0
129384,0
129385,0
129386,0
129387,0
129388,0
129389,0
129390,0
129391,0
129392,0
129393,0
129394,0
129395,0
129396,0
129397,2 cm
129398,0
129399,0
129400,0
129401,0
129402,0
129403,0
129404,0
129405,0
129406,23.8 cm
129407,0
129408,0
129409,0
129410,0
129411,0
129412,0
129413,0
129414,0
129415,0
129416,0
129417,0
129418,0
129419,0
129420,0
129421,0
129422,0
129423,0
129424,0
129425,0
129426,0
129427,0
129428,0
129429,0
129430,0
129431,0
129432,0
129433,0
129434,0
129435,0
129436,0
129437,0
129438,0
129439,0
129440,0
129441,0
129442,0
129443,0
129444,0
129445,0
129446,0
129447,0
129448,0
129449,0
129450,0
129451,0
129452,0
129453,0
129454,0
129455,3 mm
129456,0
129457,0
129458,0
129459,0
129460,0
129461,0
129462,0
129463,0
129464,0
129465,0
129466,0
129467,0
129468,0
129469,0
129470,0
129471,0
129472,0
129473,0
129474,28 mm
129475,0
129476,0
129477,16.3 cm
129478,0
129479,0
129480,0
129481,216 mm
129482,0
129483,0
129484,0
129485,0
129486,0
129487,0
129488,0
129489,0
129490,0
129491,7 mm
129492,0
129493,0
129494,0
129495,1 inch
129496,0
129497,0
129498,0
129499,0
129500,0
129501,0
129502,0
129503,0
129504,0
129505,25 mm
129506,0
129507,0
129508,0
129509,0
129510,0
129511,0
129512,0
129513,13 mm
129514,0
129515,0
129516,0
129517,0
129518,0
129519,0
129520,0
129521,0
129522,0
129523,0
129524,0
129525,0
129526,0
129527,0
129528,0
129529,0
129530,0
129533,3 cm
129534,3 cm
129535,0
129536,0
129537,0
129538,0
129539,0
129540,0
129541,0
129542,0
129543,0
129544,0
129545,0
129546,0
129547,0
129548,0
129549,0
129550,0
129551,0
129552,0
129553,0
129554,0
129555,0
129556,0
129557,0
129558,0
129559,0
129560,0
129561,31 inch
129562,0
129563,0
129564,0
129565,0
129566,0
129567,0
129568,0
129569,0
129570,2 mm
129571,2 mm
129572,20 inch
129573,20 inch
129574,16 inch
129575,0
129576,0
129577,0
129578,0
129579,0
129580,0.127 mm
129581,0.127 mm
129582,0
129583,16.5 inch
129584,300 gram
129585,0
129586,0
129587,0
129588,0
129589,0
129590,0
129591,0
129592,0
129593,0
129594,0
129595,0
129596,16.55 cm
129597,0
129598,0
129599,34 inch
129600,0
129601,0
129602,0
129603,0
129604,0
129605,0
129606,0
129607,0
129608,0
129609,0
129610,0
129611,0
129612,0
129613,0
129614,0
129615,32 mm
129616,32 mm
129617,0
129618,0
129619,0
129620,0
129621,0
129622,0
129623,0
129624,0
129625,0
129626,0
129627,0
129628,0
129629,0
129630,0
129631,0
129632,0
129633,0
129634,0
129635,0
129636,0
129637,0
129638,0
129639,0
129640,0
129641,0
129642,0
129643,0
129644,0
129645,0
129646,0
129647,0
129648,0
129649,0
129650,0
129651,0
129652,0
129653,0
129654,0
129655,0
129656,0
129657,0
129658,0
129659,0
129660,0
129661,0
129662,0
129663,0
129664,0
129665,0
129666,0
129667,0
129668,0
129669,0
129670,0
129671,0
129672,0
129673,110 gram
129674,0
129675,0
129676,0
129677,0
129678,0
129679,0
129680,0
129681,0
129682,0
129683,0
129684,0
129685,0
129686,0
129687,0
129688,0
129689,0
129690,0
129691,0
129692,0
129693,0
129694,0
129695,0
129696,0
129697,0
129698,0
129699,0
129700,0
129701,0
129702,0
129703,0
129704,0
129705,0
129706,0
129707,0
129708,0
129709,17 inch
129710,17 inch
129711,9.84 inch
129712,0
129713,0
129714,0
129715,0
129716,0
129717,0
129718,0
129719,0
129720,0
129721,0
129722,0
129723,34 inch
129724,0
129725,0
129726,235 cm
129727,235 cm
129728,0
129729,0
129730,0
129731,0
129732,0
129733,0
129734,0
129735,0
129736,0
129737,0
129738,60 mm
129739,0
129740,0
129741,0
129742,0
129743,0
129744,0
129745,0
129746,0
129747,0
129748,0
129749,0
129750,0
129751,0
129752,0
129753,2.4 inch
129754,0
129755,0
129756,0
129757,0
129758,0
129759,0
129760,0
129761,0
129762,0
129763,0
129764,0
129765,0
129766,0
129767,0
129768,0
129769,0
129770,0
129771,0
129772,0
129773,0
129774,0
129775,0
129776,0
129777,0
129778,5 kilogram
129779,5 kilogram
129780,0
129781,11.8 inch
129782,11.8 inch
129783,0
129784,0
129785,0
129786,0
129787,0
129788,0
129789,0
129790,0
129791,0
129792,0
129793,0
129794,0.9 mm
129795,0
129796,0
129797,0.5 inch
129798,0
129799,0
129800,0
129801,0
129802,0
129803,0
129804,1.02 inch
129805,1.02 inch
129806,0
129807,5.5 inch
129808,0
129809,0
129810,80 mm
129811,80 mm
129812,4.5 inch
129813,0
129814,0
129815,0
129816,27 mm
129817,0
129818,0
129819,0
129820,0
129821,0
129822,18 cm
129823,0
129824,0
129825,100 mm
129826,100 mm
129827,0
129828,0
129829,0
129830,0
129831,0
129832,0
129833,0
129834,0
129835,0
129836,0
129837,0
129838,0
129839,0
129840,0
129841,0
129842,0
129843,0
129844,0
129845,0
129846,0
129847,0
129848,0
129849,0
129850,52 volt
129851,52 volt
129852,0
129853,0
129854,0
129855,0
129856,0
129857,0
129858,0
129859,0
129860,0
129861,0
129862,400 cm
129863,0
129864,0
129865,0
129866,0
129867,0
129868,0
129869,0
129870,0
129871,0
129872,0
129873,0
129874,0
129875,0
129876,0
129877,120 cm
129878,0
129879,0
129880,0
129881,0
129882,0
129883,0
129884,20 mm
129885,0
129886,0
129887,0
129888,0
129889,0
129890,5 cm
129891,0
129892,0
129893,0
129894,0
129895,0
129896,0
129897,0
129898,0
129899,0
129900,0
129901,0
129902,0
129903,0
129904,0
129905,0
129906,0
129907,0
129908,0
129909,0
129910,0
129911,16 mm
129912,0
129913,0
129914,0
129915,0
129916,0
129917,0
129918,0
129919,0
129920,0
129921,0
129922,0
129923,40 mm
129924,0
129925,0
129926,10 cm
129927,0
129928,0
129929,0
129930,0
129931,0
129932,0
129933,0
129934,0
129935,0
129936,0
129937,0
129938,0
129939,0
129940,0
129941,0
129942,0
129943,0
129944,0
129945,6.3 inch
129946,0
129947,0
129948,0
129949,0
129950,0
129951,0
129952,0
129953,0
129954,0
129955,0
129956,0
129957,0
129958,0
129959,228 cm
129960,228 cm
129961,56 mm
129962,0
129963,0
129964,0
129965,0
129966,0
129967,3 cm
129968,0
129969,0
129970,0
129971,21 mm
129972,0
129973,3.0 inch
129974,0
129975,0
129976,0
129977,0
129978,0
129979,0
129980,0
129981,21 mm
129982,50 watt
129983,50 watt
129984,0
129985,9 inch
129986,0
129987,0
129988,0
129989,0
129990,0
129991,0
129992,0
129993,0
129994,0
129995,0
129996,0
129997,0
129998,0
129999,0.98 inch
130000,0
130001,0
130002,0
130003,0
130004,0
130005,0
130006,0
130007,0
130008,0
130009,0
130010,0
130011,0
130012,0
130013,0
130014,0
130015,0
130016,0
130017,0
130018,0
130019,0
130020,0
130021,0
130022,0
130023,0
130024,0
130025,0
130026,0
130027,0
130028,0
130029,0
130030,0
130031,0
130032,0
130033,0
130034,0
130035,0
130036,0
130037,0
130038,0
130039,0
130040,0
130041,0
130042,0
130043,0
130044,0
130045,0
130046,0
130047,0
130048,0
130049,0
130050,0
130051,0
130052,0
130053,0
130054,0
130055,0
130056,0
130057,0
130058,0
130059,0
130060,0
130061,0
130062,0
130063,0
130064,0
130065,0
130066,0
130067,95 mm
130068,95 mm
130069,0
130070,0
130071,0
130072,0
130073,0
130074,0
130075,0
130076,0
130077,0
130078,0
130079,0
130080,0
130081,0
130082,0
130083,0
130084,0
130085,0
130086,0
130087,0
130088,16 inch
130089,0
130090,0
130091,0
130092,0
130093,0
130094,0
130095,0
130096,0
130097,15142 mm
130098,0
130099,0
130100,0
130101,0
130102,0
130103,0
130104,12 volt
130105,0
130106,0
130107,0
130108,0
130109,0
130110,0
130111,0
130112,0
130113,0
130114,0
130115,0
130116,0
130117,0
130118,0
130119,0
130120,0
130121,0
130122,0
130123,0
130124,0
130125,120 volt
130126,0
130127,0
130128,0
130129,0
130130,0
130131,0
130132,0
130133,0
130134,0
130135,0
130136,0
130137,0
130138,28 inch
130139,28 inch
130140,0
130141,0
130142,0
130143,18.5 ounce
130144,0
130145,0
130146,0
130147,0
130148,0
130149,0
130150,0
130151,0
130152,0
130153,0
130154,0
130155,0
130156,0
130157,0
130158,0
130159,0
130160,0
130161,0
130162,0
130163,0
130164,0
130165,0
130166,0
130167,0
130168,0
130169,0
130170,0
130171,0
130172,0
130173,0
130174,0
130175,0.98 inch
130176,0
130177,16 ounce
130178,0
130179,0
130180,0
130181,0
130182,0
130183,0
130184,0
130185,0
130186,52.5 cm
130187,0
130188,0
130189,0
130190,0
130191,0
130192,0
130193,0
130194,0
130195,16.5 inch
130196,0
130197,40 mm
130198,40 mm
130199,0
130200,0
130201,25 mm
130202,25 mm
130203,0
130204,6.7 inch
130205,0
130206,0
130207,0
130208,0
130209,0
130210,0
130211,0
130212,0
130213,0
130214,0
130215,0
130216,0
130217,0
130218,0
130219,0
130220,0
130221,0
130222,0
130223,0
130224,0
130225,0
130226,0
130227,0
130228,0
130229,2.4 inch
130230,0
130231,0
130232,0
130233,279 mm
130234,0
130235,0
130236,0
130237,0
130238,0
130239,5 mm
130240,0
130241,12 inch
130242,0
130243,0
130244,0
130245,0
130246,0
130247,0
130248,12 volt
130249,12 volt
130250,0
130251,0
130252,0
130253,0
130254,0
130255,0
130256,0
130257,0
130258,0
130259,0
130260,0
130261,0
130262,63.5 mm
130263,63.5 mm
130264,4 inch
130265,4 inch
130266,0
130267,800 mm
130268,0
130269,0
130270,0
130271,0
130272,0
130273,0
130274,0
130275,100 mm
130276,100 mm
130277,0
130278,0
130279,0
130280,0
130281,8 mm
130282,0
130283,0
130284,0
130285,0
130286,0
130287,0
130288,0
130289,0
130290,0
130291,0
130292,0
130293,0
130294,0
130295,113.5 mm
130296,113.5 mm
130297,36 mm
130298,36 mm
130299,0
130300,0
130301,0
130302,0
130303,0
130304,0
130305,0
130306,0
130307,0
130308,0
130309,0
130310,0
130311,0
130312,0
130313,0
130314,0
130315,0
130316,0
130317,0
130318,0
130319,0
130320,0
130321,0
130322,0
130323,0
130324,30 mm
130325,30 mm
130326,0
130327,0
130328,0
130329,0
130330,0
130331,0
130332,930 mm
130333,31 inch
130334,31 inch
130335,0
130336,0
130337,0
130338,0
130339,0
130340,0
130341,0
130342,0
130343,0
130344,0
130345,0
130346,0
130347,0
130348,0
130349,0
130350,0
130351,0
130352,0
130353,0
130354,0
130355,0
130356,0
130357,0
130358,0
130359,0
130360,0
130361,0
130362,0
130363,0
130364,0
130365,0
130366,0
130367,0
130368,0
130369,63.5 mm
130370,63.5 mm
130371,0
130372,0
130373,5 mm
130374,5 mm
130375,0
130376,0
130377,0
130378,0
130379,0
130380,0
130381,76.7 mm
130382,0
130383,0
130384,0
130385,0
130386,0
130387,0
130388,10 cm
130389,0
130390,0
130391,0
130392,0
130393,0.12 gram
130394,33 mm
130395,0
130396,0
130397,0
130398,0
130399,0
130400,0
130401,0
130402,0
130403,0
130404,0
130405,0
130406,4.8 gram
130407,0
130408,0
130409,0
130410,0
130411,0
130412,0
130413,0
130414,0
130415,0
130416,0
130417,0
130418,0
130419,0
130420,0
130421,0
130422,300 mm
130423,0
130424,0
130425,0
130426,0
130427,0
130428,0
130429,0
130430,0
130431,0
130432,0
130433,32 mm
130434,32 mm
130435,108 mm
130436,58 mm
130437,0
130438,0
130439,0
130440,0
130441,0
130442,0
130443,0
130444,0
130445,0
130446,0
130447,0
130448,0
130449,0
130450,0
130451,0
130452,0
130453,0
130454,0
130455,0
130456,0
130457,0
130458,0
130459,0
130460,0
130461,0
130462,0
130463,0
130464,0
130465,0
130466,0
130467,0
130468,0
130469,0
130470,0
130471,0
130472,0
130473,0
130474,0
130475,0
130476,0
130477,25 mm
130478,0
130479,0
130480,0
130481,0
130482,0
130483,0
130484,0
130485,0
130486,0
130487,0
130488,0
130489,0
130490,0
130491,0
130492,0
130493,0
130494,0
130495,63.5 mm
130496,63.5 mm
130497,0
130498,50 mm
130499,50 mm
130500,0
130501,0
130502,0
130503,0
130504,15 ounce
130505,0
130506,0
130507,0
130508,0
130509,9. cm
130510,0
130511,0
130512,0
130513,0
130514,0
130515,0
130516,4.5 inch
130517,300 mm
130518,0
130519,0
130520,0
130521,0
130522,0
130523,0
130524,0
130525,300 mm
130526,0
130527,0
130528,0
130529,0
130530,0
130531,0
130532,10.3 inch
130533,0
130534,0
130535,0
130536,0
130537,0
130538,0
130539,0
130540,0
130541,0
130542,0
130543,0
130544,0
130545,0
130546,140 watt
130547,0
130548,0
130549,0
130550,0
130551,0
130552,0
130553,0
130554,0
130555,0
130556,0
130557,0
130558,203 mm
130559,7 inch
130560,0
130561,0
130562,0
130563,0
130564,0
130565,0
130566,0
130567,0
130568,0
130569,0
130570,0
130571,0
130572,0
130573,0
130574,0
130575,0
130576,0
130577,0
130578,0
130579,0
130580,0
130581,0
130582,0
130583,0
130584,0
130585,0
130586,0
130587,0
130588,0
130589,0
130590,0
130591,0
130592,0
130593,0
130594,0
130595,0
130596,0
130597,50 mm
130598,50 mm
130599,0
130600,0
130601,0
130602,0
130603,0
130604,15 cm
130605,15 cm
130606,0
130607,0
130608,0
130609,0
130610,0
130611,0
130612,100 gram
130613,0
130614,0
130615,0
130616,0
130617,38 mm
130618,38 mm
130619,0
130620,0
130621,0
130622,0
130623,0
130624,56 mm
130625,56 mm
130626,1360 mm
130627,0
130628,0
130629,0
130630,0
130631,0
130632,0
130633,0
130634,0
130635,0
130636,0
130637,0
130638,0
130639,0
130640,0
130641,50 mm
130642,0
130643,0
130644,300 mm
130645,0
130646,0
130647,30 mm
130648,30 mm
130649,0
130650,0
130651,0
130652,0
130653,0
130654,0
130655,0
130656,0
130657,0
130658,0
130659,0
130660,0
130661,0
130662,0
130663,0
130664,0
130665,0
130666,0
130667,0
130668,0
130669,0
130670,0
130671,0
130672,0
130673,0
130674,0
130675,110 mm
130676,110 mm
130677,300 mm
130678,0
130679,0
130680,140 mm
130681,140 mm
130682,30 mm
130683,30 mm
130684,58 mm
130685,0
130686,0
130687,0
130688,2 volt
130689,2 volt
130690,0
130691,0
130692,0
130693,0
130694,0
130695,0
130696,0
130697,0
130698,12 mm
130699,30 mm
130700,30 mm
130701,30 cm
130702,0
130703,0
130704,0
130705,0
130706,0
130707,0
130708,0
130709,0
130710,0
130711,0
130712,0
130713,0
130714,300 mm
130715,0
130716,0
130717,0
130718,0
130719,50 mm
130720,0
130721,63.5 mm
130722,63.5 mm
130723,0
130724,0
130725,0
130726,0
130727,0
130728,76 inch
130729,0
130730,0
130731,0
130732,0
130733,0
130734,0
130735,55 mm
130736,0
130737,0
130738,0
130739,0
130740,0
130741,0
130742,0
130743,0
130744,0
130745,0
130746,0
130747,0
130748,0
130749,0
130750,0
130751,0
130752,0
130753,0
130754,0
130755,32 inch
130756,0
130757,0
130758,0
130759,0
130760,0
130761,0
130762,300 mm
130763,0
130764,10 cm
130765,0
130766,00 mm
130767,0
130768,0
130769,300 mm
130770,0
130771,0
130772,0
130773,0
130774,135 mm
130775,0
130776,350 mm
130777,0
130778,0
130779,0
130780,16 ounce
130781,0
130782,0
130783,0
130784,0
130785,0
130786,0
130787,30 mm
130788,30 mm
130789,0
130790,0
130791,0
130792,0
130793,0.0 gram
130794,0
130795,0
130796,0
130797,127. cm
130798,0
130799,0
130800,0
130801,0
130802,0
130803,0
130804,0
130805,0
130806,0
130807,009 mm
130808,0
130809,0
130810,0
130811,0
130812,0
130813,0
130814,0
130815,0
130816,0
130817,0
130818,0
130819,0
130820,0
130821,0
130822,0
130823,0
130824,0
130825,0
130826,0
130827,0
130828,0
130829,0
130830,0
130831,35.5 mm
130832,35.5 mm
130833,0
130834,0
130835,0
130836,41 mm
130837,41 mm
130838,0
130839,0
130840,0
130841,0
130842,0
130843,0
130844,0
130845,0
130846,32 inch
130847,0
130848,0
130849,0
130850,0
130851,0
130852,0
130853,0
130854,0
130855,0
130856,0
130857,30 mm
130858,135 mm
130859,0
130860,1200 watt
130861,0
130862,0
130863,300 mm
130864,0
130865,22 gram
130866,0
130867,0
130868,0
130869,0
130870,0
130871,0
130872,0
130873,0
130874,0
130875,0
130876,0
130877,0
130878,0
130879,0
130880,0
130881,135 mm
130882,0
130883,600 watt
130884,0
130885,0
130886,60 mm
130887,60 mm
130888,0
130889,114 cm
130890,114 cm
130891,0
130892,0
130893,300 mm
130894,0
130895,0
130896,0
130897,0
130898,0
130899,0
130900,0
130901,0
130902,0
130903,0
130904,0
130905,0
130906,0
130907,0
130908,0
130909,0
130910,0
130911,0
130912,0
130913,0
130914,0
130915,0
130916,0
130917,0
130918,22 gram
130919,0
130920,0
130921,0
130922,0
130923,0
130924,4 inch
130925,4 inch
130926,0
130927,0
130928,300 mm
130929,0
130930,0
130931,0
130932,0
130933,10 cm
130934,55 mm
130935,110 mm
130936,0
130937,0
130938,50 mm
130939,50 mm
130940,0
130941,0
130942,0
130943,0
130944,0
130945,0
130946,0
130947,0
130948,0
130949,0
130950,0
130951,0
130952,0
130953,0
130954,300 mm
130955,0
130956,0
130957,220 cm
130958,27.9 cm
130959,0
130960,0
130961,0
130962,0
130963,0
130964,0
130965,0
130966,300 mm
130967,0
130968,0
130969,0
130970,0
130971,0
130972,0
130973,0
130974,0
130975,0
130976,0
130977,0
130978,0
130979,0
130980,0
130981,0
130982,0
130983,0
130984,0
130985,0
130986,0
130987,10 inch
130988,0
130989,0
130990,0
130991,0.01 mm
130992,0.01 mm
130993,0
130994,0
130995,0
130996,0
130997,0
130998,0
130999,0
131000,0
131001,0
131002,0
131003,0
131004,0
131005,0
131006,0
131007,100 gram
131008,0
131009,0
131010,0
131011,0
131012,2 mm
131013,0
131014,0
131015,0
131016,0
131017,0
131018,0
131019,0
131020,24 mm
131021,24 mm
131022,0
131023,63.5 mm
131024,63.5 mm
131025,0
131026,0
131027,0
131028,0
131029,0
131030,0
131031,0
131032,0
131033,0
131034,0
131035,0
131036,12 gram
131037,0
131038,0
131039,0
131040,0
131041,0
131042,0
131043,0
131044,10 cm
131045,6.3 inch
131046,0
131047,0
131048,0
131049,0
131050,0
131051,0
131052,0
131053,0
131054,0
131055,2 ounce
131056,0
131057,0
131058,0
131059,7.9 mm
131060,0
131061,0
131062,0
131063,0
131064,0
131065,0
131066,0
131067,0
131068,0
131069,0
131070,0
131071,21 cm
131072,38 mm
131073,38 mm
131074,0
131075,30.4 cm
131076,0
131077,0
131078,300 mm
131079,0
131080,0
131081,0
131082,0
131083,0
131084,10 inch
131085,0
131086,0
131087,0
131088,0
131089,0
131090,0
131091,0
131092,0
131093,0
131094,0
131095,0
131096,300 mm
131097,0
131098,300 watt
131099,0
131100,0
131101,0
131102,0
131103,6.3 inch
131104,0
131105,0
131106,0
131107,0
131108,0
131109,0
131110,0
131111,0
131112,0
131113,0
131114,0
131115,0
131116,0
131117,0
131118,0
131119,0
131120,0
131121,0
131122,0
131123,24 mm
131124,24 mm
131125,0
131126,21.5 cm
131127,0
131128,0
131129,0
131130,0
131131,0
131132,0
131133,0
131134,0
131135,0
131136,0
131137,0
131138,0
131139,0
131140,0
131141,0
131142,0
131143,0
131144,0
131145,0
131146,0
131147,0
131148,0
131149,0
131150,42 mm
131151,0
131152,0
131153,0
131154,0
131155,0
131156,0
131157,0
131158,0
131159,0
131160,0
131161,0
131162,0
131163,0
131164,0
131165,0
131166,0
131167,0
131168,0
131169,0
131170,0
131171,0
131172,0
131173,0
131174,0
131175,0
131176,0
131177,0
131178,0
131179,0
131180,0
131181,0
131182,0
131183,0
131184,0
131185,0
131186,0
131187,0
131188,0
131189,0
131190,0
131191,0
131192,0
131193,58 mm
131194,0
131195,0
131196,0
131197,0
131198,0
131199,0
131200,0
131201,0
131202,0
131203,0
131204,0
131205,0
131206,30 mm
131207,30 mm
131208,0
131209,28 mm
131210,28 mm
131211,0
131212,0
131213,0
131214,0
131215,0
131216,0
131217,0
131218,0
131219,0
131220,0
131221,0
131222,0
131223,0
131224,0
131225,0
131226,0
131227,0
131228,0
131229,0
131230,0
131231,0
131232,0
131233,0
131234,300 watt
131235,0
131236,0
131237,0
131238,0
131239,0
131240,12 volt
131241,0
131242,10 inch
131243,0
131244,84 inch
131245,0
131246,0
131247,0
131248,0
131249,0
131250,0
131251,0
131252,0
131253,0
131254,0
131255,0
131256,0
131257,0
131258,0
131259,0
131260,0
131261,0
131262,0
131263,9 cm
131264,9 cm
131265,0
131266,0
131267,0
131268,0
131269,0
131270,0
131271,4.82 inch
131272,0
131273,0
131274,24 inch
131275,0
131276,0
131277,0
131278,0
131279,0
131280,0
131281,0
131282,0
131283,0
131284,0
131285,0
131286,0
131287,0
